post_id,scraped_at,yr,mi,mi_py,eng_l,eng_c,days_post,eng_l_miss,eng_c_miss,days_post_miss,mk,mdl,trn,ful,cnd,bdy,st,actual_price,pred_price
7925910285,2026-04-11 04:00:06+00:00,2017,105189.0,11687.666666666666,2.0,4.0,4.0,0,0,0,hyundai,elantra,automatic,gas,used,sedan,CT,8900.0,10321.87
7924639916,2026-04-11 04:00:06+00:00,2006,135000.0,6750.0,6.0,6.0,10.0,0,0,0,nissan,quest,automatic,gas,good,minivan,CT,2000.0,4489.65
7926722585,2026-04-11 04:00:06+00:00,2008,150000.0,8333.333333333334,6.0,6.0,1.0,0,0,0,honda,odyssey,automatic,gas,excellent,minivan,CT,5500.0,4608.5
7926815406,2026-04-11 05:00:06+00:00,2009,115508.0,6794.588235294118,6.0,6.0,0.0,0,0,0,mazda,6,automatic,gas,good,,CT,4995.0,7459.88
7925910265,2026-04-11 07:00:16+00:00,2015,116669.0,10606.272727272728,2.4,4.0,4.0,0,0,0,kia,optima,automatic,gas,used,sedan,CT,8800.0,9280.62
7926520164,2026-04-11 08:00:06+00:00,2009,170000.0,10000.0,4.0,4.0,2.0,0,0,0,toyota,corolla,automatic,gas,excellent,sedan,CT,3950.0,4593.56
7926958939,2026-04-11 08:00:06+00:00,1995,117258.0,3782.516129032258,5.7,8.0,0.0,0,0,0,chevrolet,impala,automatic,gas,used,sedan,CT,9900.0,7061.28
7924224802,2026-04-11 08:00:06+00:00,2013,85000.0,6538.461538461538,4.0,4.0,13.0,0,0,0,chevrolet,cruze,automatic,gas,good,sedan,CT,5495.0,8471.21
7926932703,2026-04-11 08:00:06+00:00,2013,116000.0,8923.076923076924,5.0,8.0,0.0,0,0,0,land rover,range,automatic,gas,good,suv,CT,9885.0,13164.6
7923855738,2026-04-11 08:00:06+00:00,2008,144000.0,8000.0,6.0,6.0,14.0,0,0,0,acura,tl,other,gas,good,sedan,CT,3800.0,4565.0
7925909019,2026-04-11 09:00:05+00:00,2011,178907.0,11927.133333333333,5.3,8.0,4.0,0,0,0,chevrolet,tahoe,automatic,other,used,suv,CT,8500.0,8967.76
7925625070,2026-04-11 09:00:05+00:00,2019,114950.0,16421.428571428572,2.0,4.0,6.0,0,0,0,subaru,crosstrek,automatic,gas,like new,hatchback,CT,13900.0,11839.68
7923863990,2026-04-11 09:00:05+00:00,2012,37851.0,2703.6428571428573,1.762,4.0,14.0,0,0,0,fiat,500,manual,gas,excellent,hatchback,NH,7999.0,12137.92
7925331759,2026-04-11 09:00:05+00:00,2014,212700.0,17725.0,,,7.0,1,1,0,subaru,legacy,automatic,gas,excellent,sedan,CT,3200.0,4614.76
7925186421,2026-04-11 09:00:05+00:00,2016,181790.0,18179.0,4.0,6.0,8.0,0,0,0,toyota,4runner,automatic,gas,like new,suv,CT,18900.0,8512.28
7926096214,2026-04-11 10:00:06+00:00,1992,60000.0,1764.7058823529412,5.3,8.0,4.0,0,0,0,jaguar,xjs,automatic,gas,excellent,convertible,CT,16500.0,14058.82
7926958663,2026-04-11 10:00:06+00:00,2016,142654.0,14265.4,8.0,8.0,0.0,0,0,0,ram,3500,automatic,gas,used,truck,CT,29900.0,17645.32
7926707638,2026-04-11 10:00:06+00:00,2007,159000.0,8368.421052631578,6.0,6.0,1.0,0,0,0,ford,explorer,automatic,gas,excellent,suv,CT,4500.0,4059.09
7926592185,2026-04-11 10:00:06+00:00,2000,9160.000000000002,946.1080437756499,6.0,6.0,1.0,0,0,0,honda,accord,automatic,gas,like new,,CT,2000.0,31070.64
7924073386,2026-04-11 10:00:06+00:00,2014,130000.0,10833.333333333334,2.0,4.0,13.0,0,0,0,cadillac,ats-4,automatic,gas,excellent,sedan,CT,6485.0,8691.01
7925909885,2026-04-11 10:00:06+00:00,2015,123897.0,11263.363636363636,3.5,6.0,4.0,0,0,0,mercedes-benz,glk-class,automatic,gas,used,suv,CT,8900.0,9397.92
7924062352,2026-04-11 11:00:06+00:00,2015,183000.0,16636.363636363636,2.0,4.0,13.0,0,0,0,subaru,impreza,automatic,gas,excellent,hatchback,CT,4700.0,7055.38
7925617373,2026-04-11 11:00:06+00:00,2014,123296.0,10274.666666666666,1.762,4.0,6.0,0,0,0,kia,soul,automatic,gas,excellent,wagon,CT,5900.0,8961.08
7923269547,2026-04-11 11:00:06+00:00,2015,141800.0,12890.90909090909,2.0,4.0,17.0,0,0,0,volkswagen,jetta,automatic,gas,,sedan,CT,6800.0,7337.64
7925637008,2026-04-11 12:00:05+00:00,2006,130000.0,6500.0,6.0,6.0,6.0,0,0,0,jeep,grand,automatic,gas,,suv,MA,3950.0,5104.58
7924922065,2026-04-11 12:00:05+00:00,1987,79000.0,2025.6410256410256,5.0,8.0,9.0,0,0,0,ford,f150,manual,gas,fair,truck,CT,7500.0,9963.86
7925862253,2026-04-11 12:00:05+00:00,2017,92000.0,10222.222222222223,3.6,6.0,5.0,0,0,0,jeep,cherokee,automatic,gas,good,suv,CT,11500.0,13971.48
7925055107,2026-04-11 12:00:05+00:00,2002,150000.0,6250.0,,,9.0,1,1,0,dodge,neon,automatic,gas,,,CT,3288.0,3431.2
7923939433,2026-04-11 12:00:05+00:00,2009,117810.0,6930.0,4.7,8.0,14.0,0,0,0,jeep,grand,automatic,gas,,suv,CT,6800.0,7815.53
7925917710,2026-04-11 12:00:05+00:00,2018,163000.0,20375.0,3.6,6.0,4.0,0,0,0,jeep,grand,automatic,gas,excellent,suv,CT,9500.0,13266.22
7923911742,2026-04-11 13:00:06+00:00,2000,104000.0,4000.0,,,14.0,1,1,0,ford,ranger,automatic,gas,good,truck,CT,3500.0,6797.56
7925909851,2026-04-11 13:00:06+00:00,2023,108905.0,30864.175,1.762,4.0,5.0,0,0,0,hyundai,elantra,automatic,gas,used,sedan,CT,16750.0,17020.88
7926456208,2026-04-11 13:00:06+00:00,2022,30000.0,7500.0,,,2.0,1,1,0,acura,tlx,automatic,gas,,sedan,CT,2000.0,2433.45
7924831703,2026-04-11 13:00:06+00:00,2009,127000.0,7470.588235294118,1.762,4.0,10.0,0,0,0,toyota,prius,automatic,hybrid,good,hatchback,CT,6485.0,7954.76
7923916683,2026-04-11 15:00:05+00:00,2016,161000.0,16100.0,,,14.0,1,1,0,audi,a3,automatic,gas,fair,sedan,CT,1600.0,7816.33
7925305513,2026-04-11 15:00:05+00:00,2017,95262.0,10584.666666666666,3.0,6.0,8.0,0,0,0,land rover,range,automatic,gas,used,suv,CT,16900.0,22575.81
7924376322,2026-04-11 15:00:05+00:00,2002,150000.0,6250.0,,,12.0,1,1,0,dodge,neon,automatic,gas,,,CT,3288.0,3429.42
7924005476,2026-04-11 15:00:05+00:00,2002,150000.0,6250.0,,,14.0,1,1,0,dodge,neon,automatic,gas,,,CT,3288.0,3499.89
7923525504,2026-04-11 16:00:06+00:00,2012,140000.0,10000.0,4.0,4.0,16.0,0,0,0,nissan,altima,automatic,gas,excellent,,CT,5000.0,4771.79
7926538707,2026-04-11 17:00:06+00:00,2011,139000.0,9266.666666666666,4.0,4.0,2.0,0,0,0,honda,cr-v,automatic,gas,excellent,suv,CT,7300.0,6355.22
7926653231,2026-04-11 17:00:06+00:00,2014,123538.0,10294.833333333334,6.0,6.0,1.0,0,0,0,dodge,grand,automatic,gas,like new,minivan,CT,21000.0,7805.33
7925683896,2026-04-11 17:00:06+00:00,2002,150000.0,6250.0,,,6.0,1,1,0,dodge,neon,automatic,gas,,,CT,3288.0,3492.95
7925687438,2026-04-11 17:00:06+00:00,2020,89000.0,14833.333333333334,8.0,8.0,6.0,0,0,0,dodge,charger,automatic,gas,excellent,sedan,CT,12500.0,16522.56
7926743179,2026-04-11 17:00:06+00:00,2003,194000.0,8434.782608695652,1.762,4.0,1.0,0,0,0,honda,civic,automatic,gas,good,sedan,CT,2850.0,3632.71
7925084301,2026-04-11 17:00:06+00:00,2013,164000.0,12615.384615384615,,,9.0,1,1,0,ford,e-450,automatic,gas,,bus,CT,44995.0,5462.73
7925910282,2026-04-11 17:00:06+00:00,2019,54917.0,7845.285714285715,6.0,6.0,5.0,0,0,0,dodge,charger,automatic,gas,used,sedan,CT,10800.0,11628.29
7926958865,2026-04-11 17:00:06+00:00,2006,131986.0,6599.3,3.0,6.0,0.0,0,0,0,lexus,gs,automatic,gas,used,sedan,CT,8950.0,8426.42
7925348793,2026-04-11 17:00:06+00:00,2015,130000.0,11818.181818181818,3.5,6.0,8.0,0,0,0,mercedes-benz,glk350,automatic,gas,excellent,suv,CT,9885.0,8698.3
7926628240,2026-04-11 17:00:06+00:00,2011,192000.0,12800.0,6.0,6.0,2.0,0,0,0,ford,flex,automatic,gas,excellent,suv,CT,4200.0,4896.58
7926066162,2026-04-11 18:00:11+00:00,2002,150000.0,6250.0,,,4.0,1,1,0,dodge,neon,automatic,gas,,,CT,3288.0,3489.16
7926958890,2026-04-11 18:00:11+00:00,2018,153518.0,19189.75,8.0,8.0,0.0,0,0,0,gmc,yukon,automatic,gas,used,suv,CT,15990.0,16267.6
7926936883,2026-04-11 18:00:11+00:00,1996,165000.0,5500.0,,,0.0,1,1,0,toyota,camry,automatic,gas,,sedan,CT,2000.0,3933.24
7926735595,2026-04-11 18:00:11+00:00,2002,150000.0,6250.0,,,1.0,1,1,0,dodge,neon,automatic,gas,,,CT,3288.0,3558.8
7925908827,2026-04-11 18:00:11+00:00,2013,100775.0,7751.923076923077,2.5,4.0,5.0,0,0,0,toyota,avalon,automatic,gas,used,sedan,CT,14800.0,12785.85
7927019087,2026-04-11 18:00:11+00:00,2013,112885.0,8683.461538461539,1.8,4.0,0.0,0,0,0,honda,civic,automatic,gas,excellent,sedan,NH,9999.0,11342.28
7926015068,2026-04-11 18:00:11+00:00,2018,52000.0,6500.0,2.0,4.0,4.0,0,0,0,hyundai,elantra,automatic,gas,good,sedan,CT,9400.0,12523.11
7926981140,2026-04-11 18:00:11+00:00,2017,78000.0,8666.666666666666,6.0,6.0,0.0,0,0,0,ford,transit,automatic,gas,like new,van,CT,20000.0,16706.84
7925662162,2026-04-11 18:00:11+00:00,2003,258000.0,11217.391304347826,6.0,6.0,6.0,0,0,0,toyota,highlander,automatic,gas,fair,suv,CT,1600.0,3795.32
7924813991,2026-04-11 18:00:11+00:00,2002,150000.0,6250.0,,,10.0,1,1,0,dodge,neon,automatic,gas,,,CT,3288.0,3425.67
7923912455,2026-04-11 19:00:06+00:00,2019,42250.0,6035.714285714285,,,15.0,1,1,0,audi,a6,automatic,gas,excellent,sedan,CT,17000.0,16191.42
7926354442,2026-04-11 19:00:06+00:00,2013,157000.0,12076.923076923076,4.0,4.0,3.0,0,0,0,hyundai,sonata,automatic,gas,excellent,,CT,5500.0,5093.94
7926046096,2026-04-11 19:00:06+00:00,2006,121230.0,6061.5,6.0,6.0,4.0,0,0,0,chevrolet,malibu,automatic,gas,excellent,sedan,CT,2900.0,6086.8
7925619188,2026-04-11 19:00:06+00:00,2018,173000.0,21625.0,2.0,,7.0,0,1,0,subaru,crosstrek,automatic,gas,excellent,wagon,CT,9900.0,9569.51
7926234605,2026-04-11 19:00:06+00:00,2019,101000.0,14428.57142857143,4.0,4.0,3.0,0,0,0,chevrolet,colorado,automatic,gas,excellent,truck,CT,11500.0,17583.63
7925022585,2026-04-11 19:00:06+00:00,2007,165000.0,8684.21052631579,6.0,6.0,9.0,0,0,0,saturn,vue,automatic,gas,excellent,suv,CT,3900.0,3914.44
7924240885,2026-04-11 19:00:06+00:00,2008,134000.0,7444.444444444444,1.762,,13.0,0,1,0,mini,cooper,automatic,gas,excellent,hatchback,CT,3500.0,5585.67
7926958916,2026-04-11 19:00:06+00:00,2018,139096.0,17387.0,3.0,6.0,0.0,0,0,0,infiniti,q50,automatic,gas,used,sedan,CT,14850.0,14708.66
7925336756,2026-04-11 19:00:06+00:00,2017,124781.0,13864.555555555555,2.5,4.0,8.0,0,0,0,subaru,legacy,automatic,gas,used,sedan,CT,10998.0,11844.92
7925910209,2026-04-11 19:00:06+00:00,2016,48019.0,4801.9,6.0,6.0,5.0,0,0,0,dodge,grand,automatic,gas,used,minivan,CT,12850.0,12698.1
7926094837,2026-04-11 20:00:30+00:00,2018,133500.0,16687.5,4.0,4.0,4.0,0,0,0,nissan,nv200,automatic,gas,good,minivan,CT,9800.0,13005.02
7926593615,2026-04-11 20:00:30+00:00,2005,304799.9999999997,14857.142857142857,8.0,8.0,2.0,0,0,0,ford,f-350,automatic,diesel,good,truck,CT,14900.0,11144.26
7925184822,2026-04-11 20:00:30+00:00,2017,56588.0,6287.555555555556,4.0,4.0,9.0,0,0,0,ford,focus,automatic,gas,excellent,coupe,CT,8300.0,19837.63
7924666673,2026-04-11 20:00:30+00:00,2018,93146.0,11643.25,3.0,6.0,11.0,0,0,0,land rover,range,automatic,gas,used,suv,CT,20950.0,24088.6
7925251829,2026-04-11 20:00:30+00:00,2016,126000.0,12600.0,2.5,5.0,8.0,0,0,0,volvo,xc60,automatic,gas,excellent,suv,CT,8885.0,9270.82
7924752722,2026-04-11 20:00:30+00:00,2008,170484.0,9471.333333333334,8.0,8.0,11.0,0,0,0,chevrolet,express,automatic,gas,good,van,CT,8995.0,7458.4
7926305942,2026-04-11 21:00:06+00:00,2001,9160.000000000002,946.1080437756499,4.6,8.0,3.0,0,0,0,ford,mustang,manual,gas,like new,coupe,CT,25000.0,28215.02
7926026983,2026-04-11 21:00:06+00:00,2009,143686.0,8452.117647058823,4.0,4.0,5.0,0,0,0,honda,civic,automatic,gas,good,coupe,CT,7295.0,4701.58
7926295610,2026-04-11 21:00:06+00:00,2016,73500.0,7350.0,,,3.0,1,1,0,volkswagen,tiguan,automatic,gas,good,suv,CT,7500.0,10311.59
7925559046,2026-04-11 21:00:06+00:00,2010,128000.0,8000.0,8.0,8.0,7.0,0,0,0,infiniti,qx56,automatic,gas,excellent,suv,CT,6200.0,8713.54
7925909861,2026-04-11 21:00:06+00:00,2017,106743.0,11860.333333333334,6.0,6.0,5.0,0,0,0,ford,f-150,automatic,gas,used,truck,CT,18995.0,20173.12
7925910253,2026-04-11 21:00:06+00:00,2014,82595.0,6882.916666666667,8.0,8.0,5.0,0,0,0,mercedes-benz,s-class,automatic,gas,used,sedan,CT,20900.0,16911.55
7925910242,2026-04-11 21:00:06+00:00,2015,130759.0,11887.181818181818,1.8,4.0,5.0,0,0,0,honda,civic,automatic,gas,used,sedan,CT,9400.0,9576.03
7925673628,2026-04-11 21:00:06+00:00,2010,191000.0,11937.5,5.0,5.0,6.0,0,0,0,volkswagen,jetta,manual,gas,excellent,wagon,CT,3500.0,4877.08
7925998449,2026-04-11 21:00:06+00:00,2009,134000.0,7882.35294117647,4.0,4.0,5.0,0,0,0,nissan,altima,automatic,gas,good,sedan,CT,3285.0,4822.23
7924892871,2026-04-11 21:00:06+00:00,2011,190000.0,12666.666666666666,8.0,8.0,10.0,0,0,0,toyota,tundra,automatic,gas,nice,truck,CT,7500.0,8717.47
7923269623,2026-04-11 21:00:06+00:00,2016,100300.0,10030.0,3.0,6.0,18.0,0,0,0,bmw,5,automatic,gas,clean,sedan,CT,14800.0,9659.0
7923457320,2026-04-11 21:00:06+00:00,2013,88000.0,6769.2307692307695,6.0,6.0,17.0,0,0,0,lexus,es350,automatic,gas,excellent,sedan,CT,14950.0,8879.47
7923914038,2026-04-11 21:00:06+00:00,1997,131000.0,4517.241379310345,8.0,8.0,15.0,0,0,0,ford,f-250,automatic,gas,good,truck,CT,5500.0,7431.31
7923882371,2026-04-11 21:00:06+00:00,2021,125753.0,25150.6,2.0,4.0,15.0,0,0,0,lexus,nx,automatic,gas,like new,suv,CT,21900.0,21124.41
7923559798,2026-04-11 21:00:06+00:00,2002,150000.0,6250.0,,,16.0,1,1,0,dodge,neon,automatic,gas,,,CT,3488.0,3405.79
7926991399,2026-04-11 21:00:06+00:00,1993,230000.0,6969.69696969697,6.0,6.0,0.0,0,0,0,toyota,4runner,automatic,gas,,,CT,4500.0,3675.52
7926820034,2026-04-11 21:00:06+00:00,1995,188000.0,6064.5161290322585,3.4,6.0,1.0,0,0,0,chevrolet,camaro,automatic,gas,,hatchback,CT,5500.0,4989.07
7926820618,2026-04-11 21:00:06+00:00,2005,105000.0,5000.0,4.7,8.0,1.0,0,0,0,toyota,tundra,automatic,gas,excellent,truck,CT,15000.0,11235.81
7924445814,2026-04-11 21:00:06+00:00,2019,201000.0,28714.285714285714,4.0,4.0,12.0,0,0,0,ram,promaster,automatic,gas,good,van,CT,8500.0,11657.18
7923643535,2026-04-11 21:00:06+00:00,2013,101000.0,7769.2307692307695,2.5,5.0,16.0,0,0,0,volvo,s60,automatic,gas,great condition,sedan,CT,5485.0,9756.89
7923269477,2026-04-11 21:00:06+00:00,2014,99800.0,8316.666666666666,2.0,4.0,18.0,0,0,0,mazda,cx-5,automatic,gas,,suv,CT,12800.0,10032.47
7925411755,2026-04-11 22:00:06+00:00,2008,158000.0,8777.777777777777,,,8.0,1,1,0,volkswagen,passat,manual,gas,,sedan,CT,2000.0,4334.86
7925348581,2026-04-11 22:00:06+00:00,2012,71000.0,5071.428571428572,2.0,4.0,8.0,0,0,0,bmw,528i,automatic,gas,excellent,sedan,CT,7985.0,10126.15
7925356182,2026-04-11 22:00:06+00:00,2019,42250.0,6035.714285714285,,,8.0,1,1,0,audi,a6,automatic,gas,excellent,sedan,CT,17000.0,16140.1
7926811665,2026-04-11 22:00:06+00:00,1999,167845.0,6216.481481481482,4.0,4.0,1.0,0,0,0,toyota,camry,automatic,gas,good,,CT,3995.0,3602.37
7923687600,2026-04-11 22:00:06+00:00,2015,124948.0,11358.90909090909,6.0,6.0,16.0,0,0,0,mercedes-benz,gl,automatic,gas,excellent,suv,CT,10950.0,8937.14
7925906358,2026-04-11 22:00:06+00:00,2014,106997.0,8916.416666666666,2.5,4.0,5.0,0,0,0,subaru,outback,automatic,gas,used,wagon,CT,10998.0,10086.74
7925854156,2026-04-11 22:00:06+00:00,2002,150000.0,6250.0,,,5.0,1,1,0,dodge,neon,automatic,gas,,,CT,3288.0,3489.16
7925776266,2026-04-11 22:00:06+00:00,2018,33000.0,4125.0,6.0,6.0,6.0,0,0,0,toyota,camry,automatic,gas,like new,sedan,CT,2000.0,2199.99
7924057907,2026-04-11 22:00:06+00:00,2025,9160.000000000002,946.1080437756499,6.0,6.0,14.0,0,0,0,ford,transit,automatic,gas,new,van,MN,139500.0,48216.5
7926600091,2026-04-11 22:00:06+00:00,2015,147000.0,13363.636363636364,2.4,4.0,2.0,0,0,0,jeep,grand,automatic,gas,excellent,suv,CT,6500.0,7948.34
7924615716,2026-04-11 22:00:06+00:00,2002,200000.0,8333.333333333334,8.0,8.0,11.0,0,0,0,mercedes-benz,s430,automatic,gas,good,sedan,CT,2500.0,5361.5
7926742539,2026-04-11 22:00:06+00:00,2016,204000.0,20400.0,8.0,8.0,1.0,0,0,0,chevrolet,suburban,automatic,gas,good,suv,CT,12000.0,9231.11
7925910231,2026-04-11 22:00:06+00:00,2020,82675.0,13779.166666666666,2.5,4.0,5.0,0,0,0,nissan,rogue,automatic,gas,used,suv,CT,13800.0,14401.81
7926222609,2026-04-11 22:00:06+00:00,2024,35000.0,17500.0,,,4.0,1,1,0,chevrolet,silverado,automatic,gas,like new,truck,CT,43000.0,29658.04
7924666742,2026-04-11 22:00:06+00:00,2015,126474.0,11497.636363636364,8.0,8.0,11.0,0,0,0,chevrolet,silverado,automatic,gas,used,truck,CT,15900.0,12786.59
7923269589,2026-04-11 22:00:06+00:00,2015,80600.0,7327.272727272727,2.0,4.0,18.0,0,0,0,cadillac,ats,automatic,gas,good,sedan,CT,13800.0,10663.12
7923329866,2026-04-11 22:00:06+00:00,2011,56000.0,3733.3333333333335,4.0,4.0,17.0,0,0,0,honda,civic,automatic,natural gas,excellent,sedan,CT,3400.0,6001.26
7924685016,2026-04-11 22:00:06+00:00,1997,130000.0,4482.758620689655,8.0,8.0,11.0,0,0,0,chevrolet,camaro,automatic,gas,good,coupe,CT,15900.0,7189.8
7926958317,2026-04-11 22:00:06+00:00,2013,125603.0,9661.76923076923,2.5,4.0,0.0,0,0,0,toyota,rav4,automatic,gas,used,suv,CT,13885.0,8543.04
7926302204,2026-04-11 22:00:06+00:00,2002,150000.0,6250.0,,,3.0,1,1,0,dodge,neon,automatic,gas,,,CT,3288.0,3526.96
7926398708,2026-04-11 23:00:21+00:00,2018,124927.0,15615.875,2.0,4.0,3.0,0,0,0,subaru,xv,automatic,gas,like new,hatchback,CT,11900.0,11405.58
7925869882,2026-04-11 23:00:21+00:00,2009,220000.0,12941.176470588236,6.0,6.0,5.0,0,0,0,mitsubishi,1800,automatic,diesel,good,truck,CT,8000.0,6054.04
7925870629,2026-04-11 23:00:21+00:00,2022,9160.000000000002,946.1080437756499,,,5.0,1,1,0,bedrock,,other,other,,truck,CT,3500.0,35390.32
7926029250,2026-04-11 23:00:21+00:00,2009,167173.0,9833.70588235294,4.8,8.0,5.0,0,0,0,gmc,savana,automatic,gas,good,truck,CT,6495.0,6547.15
7926029597,2026-04-11 23:00:21+00:00,2013,119925.0,9225.0,4.8,8.0,5.0,0,0,0,gmc,sierra,automatic,gas,excellent,truck,CT,12495.0,11462.67
7925748951,2026-04-11 23:00:21+00:00,2014,91437.0,7619.75,6.0,6.0,6.0,0,0,0,jeep,cherokee,automatic,gas,excellent,suv,CT,9450.0,9683.46
7927028187,2026-04-11 23:00:21+00:00,2019,30155.0,4307.857142857143,1.762,4.0,0.0,0,0,0,ford,fiesta,automatic,gas,excellent,hatchback,CT,9950.0,3980.55
7925909939,2026-04-11 23:00:21+00:00,2015,92276.0,8388.727272727272,2.0,4.0,5.0,0,0,0,ford,fusion,automatic,gas,used,sedan,CT,10850.0,10903.58
7926958849,2026-04-11 23:00:21+00:00,2015,264719.0,24065.363636363636,8.0,8.0,1.0,0,0,0,ford,super,automatic,diesel,used,truck,CT,16900.0,14233.03
7927042523,2026-04-11 23:00:21+00:00,2013,181000.0,13923.076923076924,,,0.0,1,1,0,gmc,sierra,automatic,gas,,truck,NJ,5000.0,6052.58
7923845755,2026-04-11 23:00:21+00:00,2014,173000.0,14416.666666666666,4.0,4.0,15.0,0,0,0,volkswagen,jetta,automatic,gas,excellent,sedan,CT,4200.0,4819.86
7926886300,2026-04-11 23:00:21+00:00,2000,133000.0,5115.384615384615,4.0,4.0,1.0,0,0,0,honda,crv,automatic,gas,good,suv,CT,2946.0,4962.94
7923757298,2026-04-11 23:00:21+00:00,2012,267000.0,19071.428571428572,,,16.0,1,1,0,nissan,altima,automatic,gas,,,CT,1000.0,3134.12
7923722098,2026-04-11 23:00:21+00:00,2015,51345.0,4667.727272727273,3.6,6.0,16.0,0,0,0,chrysler,town,automatic,gas,pre-owned,minivan,GA,28900.0,21412.34
7923650746,2026-04-11 23:00:21+00:00,2011,200000.0,13333.333333333334,8.0,8.0,16.0,0,0,0,chevrolet,express,manual,gas,good,van,CT,3300.0,8105.15
7923327561,2026-04-11 23:00:21+00:00,2002,150000.0,6250.0,,,18.0,1,1,0,dodge,neon,automatic,gas,,,CT,3288.0,3189.74
7923627347,2026-04-11 23:00:21+00:00,2023,22500.0,7500.0,2.0,,16.0,0,1,0,volkswagen,tiguan,automatic,gas,excellent,suv,CT,20000.0,24254.38
7925617774,2026-04-11 23:00:21+00:00,2014,130000.0,10833.333333333334,2.4,,7.0,0,1,0,honda,cr-v,automatic,gas,excellent,suv,CT,11900.0,11544.33
7926958798,2026-04-11 23:00:21+00:00,2016,120070.0,12007.0,3.5,6.0,1.0,0,0,0,honda,pilot,automatic,gas,used,suv,CT,12990.0,12456.0
7923549869,2026-04-11 23:00:21+00:00,2001,121327.0,4853.08,6.0,6.0,17.0,0,0,0,acura,3,automatic,gas,good,sedan,CT,4300.0,5886.5
7923952902,2026-04-11 23:00:21+00:00,1998,260000.0,9285.714285714286,4.0,4.0,15.0,0,0,0,subaru,outback,manual,gas,good,wagon,CT,1550.0,3345.59
7925112720,2026-04-11 23:00:21+00:00,2001,79700.0,3188.0,2.5,6.0,9.0,0,0,0,bmw,z3,automatic,gas,excellent,convertible,CT,14000.0,7339.86
7926583850,2026-04-11 23:00:21+00:00,2026,9160.000000000002,,6.0,6.0,2.0,0,0,0,mini-t,campervan,automatic,gas,new,van,MN,66500.0,52807.48
7924073272,2026-04-11 23:00:21+00:00,2011,96000.0,6400.0,3.0,6.0,14.0,0,0,0,bmw,328i,automatic,gas,good,sedan,CT,7485.0,8096.79
7925336798,2026-04-11 23:00:21+00:00,2015,132799.0,12072.636363636364,2.5,4.0,8.0,0,0,0,subaru,forester,automatic,gas,used,wagon,CT,10998.0,8449.01
7925286956,2026-04-11 23:00:21+00:00,1995,174000.0,5612.903225806452,4.0,4.0,8.0,0,0,0,jeep,wrangler,manual,gas,good,offroad,CT,5000.0,5318.86
7926958983,2026-04-11 23:00:21+00:00,1988,69541.0,1830.0263157894738,5.0,8.0,1.0,0,0,0,chevrolet,caprice,automatic,gas,used,wagon,CT,17500.0,16716.39
7923948525,2026-04-11 23:00:21+00:00,2018,137100.0,17137.5,2.0,4.0,15.0,0,0,0,ford,edge,automatic,gas,clean,suv,CT,10800.0,13199.56
7923948552,2026-04-11 23:00:21+00:00,2013,114100.0,8776.923076923076,1.8,4.0,15.0,0,0,0,hyundai,elantra,automatic,gas,,sedan,CT,6800.0,7652.05
7923846364,2026-04-11 23:00:21+00:00,2014,163000.0,13583.333333333334,6.0,6.0,15.0,0,0,0,jeep,wrangler,manual,gas,excellent,suv,CT,8000.0,7844.91
7925043371,2026-04-11 23:00:21+00:00,2012,160000.0,11428.57142857143,4.0,4.0,10.0,0,0,0,chevrolet,equinox,automatic,gas,like new,suv,CT,5000.0,6799.23
7925987763,2026-04-12 00:00:06+00:00,2018,175000.0,21875.0,4.0,4.0,5.0,0,0,0,subaru,legacy,automatic,gas,excellent,sedan,CT,7200.0,10135.22
7925501885,2026-04-12 00:00:06+00:00,2002,150000.0,6250.0,,,7.0,1,1,0,dodge,neon,automatic,gas,,,CT,3288.0,3459.7
7925910309,2026-04-12 00:00:06+00:00,2011,115212.0,7680.8,4.6,8.0,5.0,0,0,0,lexus,ls,automatic,gas,used,sedan,CT,13500.0,12929.88
7924302745,2026-04-12 00:00:06+00:00,2001,273000.0,10920.0,8.0,8.0,13.0,0,0,0,toyota,land,automatic,gas,fair,suv,CT,3600.0,5268.93
7924685857,2026-04-12 00:00:06+00:00,2010,280000.0,17500.0,8.0,8.0,11.0,0,0,0,chevrolet,express,automatic,gas,good,van,CT,4800.0,8090.21
7924687780,2026-04-12 00:00:06+00:00,2014,150000.0,12500.0,4.0,4.0,11.0,0,0,0,honda,civic,automatic,gas,excellent,,CT,6999.0,6787.57
7923277819,2026-04-12 00:00:06+00:00,2008,131799.0,7322.166666666667,4.0,4.0,18.0,0,0,0,acura,rdx,automatic,gas,,suv,CT,7995.0,6204.14
7926690058,2026-04-12 00:00:06+00:00,2008,180000.0,10000.0,4.0,4.0,2.0,0,0,0,honda,civic,automatic,gas,excellent,sedan,CT,3500.0,4238.74
7923562891,2026-04-12 00:00:06+00:00,2005,142350.0,6778.571428571428,6.0,6.0,17.0,0,0,0,ford,ranger,manual,gas,good,truck,CT,8000.0,4579.58
7923269564,2026-04-12 00:00:06+00:00,2014,129400.0,10783.333333333334,2.0,4.0,18.0,0,0,0,audi,q5,automatic,other,,suv,CT,9800.0,9314.42
7926817854,2026-04-12 00:00:06+00:00,2009,65000.0,3823.529411764706,2.0,4.0,1.0,0,0,0,volkswagen,eos,automatic,gas,excellent,convertible,CT,6985.0,7812.39
7924562729,2026-04-12 00:00:06+00:00,2011,150000.0,10000.0,4.0,4.0,12.0,0,0,0,subaru,outback,automatic,gas,excellent,suv,CT,6000.0,5258.87
7926958734,2026-04-12 00:00:06+00:00,2019,145143.0,20734.714285714286,2.0,4.0,1.0,0,0,0,hyundai,kona,automatic,gas,used,suv,CT,8975.0,10201.03
7926958773,2026-04-12 00:00:06+00:00,2018,101615.0,12701.875,5.0,8.0,1.0,0,0,0,land rover,range,automatic,gas,used,suv,CT,31900.0,28131.52
7926450869,2026-04-12 00:00:06+00:00,2012,120000.0,8571.42857142857,4.0,4.0,3.0,0,0,0,nissan,sentra,automatic,gas,like new,sedan,CT,5000.0,6540.11
7924062938,2026-04-12 00:00:06+00:00,2008,242000.0,13444.444444444445,6.0,6.0,14.0,0,0,0,chevrolet,suburban,automatic,gas,good,suv,CT,8500.0,4571.73
7923844048,2026-04-12 00:00:06+00:00,2016,180000.0,18000.0,3.6,6.0,15.0,0,0,0,dodge,grand,automatic,gas,excellent,minivan,CT,5000.0,8126.35
7925757414,2026-04-12 00:00:06+00:00,2017,33587.0,3731.8888888888887,3.0,,6.0,0,1,0,mitsubishi fuso,cab,automatic,diesel,excellent,truck,CT,34500.0,3866.79
7923948506,2026-04-12 00:00:06+00:00,2015,119500.0,10863.636363636364,2.5,4.0,15.0,0,0,0,ford,escape,automatic,gas,,suv,CT,7800.0,8718.44
7925750254,2026-04-12 00:00:06+00:00,2016,81652.0,8165.2,4.0,4.0,6.0,0,0,0,chevrolet,trax,automatic,gas,excellent,hatchback,CT,7500.0,8389.29
7923842626,2026-04-12 00:00:06+00:00,2013,163000.0,12538.461538461539,3.6,6.0,15.0,0,0,0,chrysler,town,automatic,gas,excellent,minivan,CT,4900.0,3589.72
7925568443,2026-04-12 00:00:06+00:00,2016,136978.0,13697.8,2.5,4.0,7.0,0,0,0,subaru,outback,automatic,gas,used,wagon,CT,11998.0,9456.13
7926388127,2026-04-12 00:00:06+00:00,2019,99548.0,14221.142857142857,3.5,6.0,3.0,0,0,0,toyota,highlander,automatic,hybrid,like new,suv,CT,23900.0,14671.2
7925765296,2026-04-12 00:00:06+00:00,2015,128879.0,11716.272727272728,,,6.0,1,1,0,kia,sportage,automatic,gas,excellent,suv,CT,7500.0,8143.56
7926953071,2026-04-12 00:00:06+00:00,2009,154000.0,9058.823529411764,,,1.0,1,1,0,suzuki,sx4,manual,gas,,,CT,2000.0,5188.99
7925618922,2026-04-12 00:00:06+00:00,2014,85972.0,7164.333333333333,2.8,4.0,7.0,0,0,0,volkswagen,passat,automatic,gas,excellent,sedan,CT,8900.0,9015.59
7925618185,2026-04-12 00:00:06+00:00,2013,89281.0,6867.7692307692305,3.7,6.0,7.0,0,0,0,infiniti,ex35,automatic,gas,excellent,suv,CT,9900.0,9544.98
7925617922,2026-04-12 00:00:06+00:00,2015,81802.0,7436.545454545455,3.2,6.0,7.0,0,0,0,jeep,cherokee,automatic,gas,excellent,suv,CT,9900.0,9875.38
7925909002,2026-04-12 00:00:06+00:00,2014,91374.0,7614.5,8.0,8.0,5.0,0,0,0,ford,econoline,automatic,gas,used,van,CT,12300.0,13353.07
7924043271,2026-04-12 00:00:06+00:00,2005,215000.0,10238.095238095239,8.0,8.0,14.0,0,0,0,chevrolet,avalanche,automatic,gas,good,truck,CT,5800.0,6302.3
7926537743,2026-04-12 01:00:31+00:00,2013,166000.0,12769.23076923077,6.0,6.0,2.0,0,0,0,honda,pilot,automatic,gas,excellent,suv,CT,7900.0,5794.57
7926715357,2026-04-12 01:00:31+00:00,2019,98400.0,14057.142857142857,1.762,4.0,2.0,0,0,0,ford,escape,automatic,gas,excellent,suv,CT,10800.0,15574.8
7926386562,2026-04-12 01:00:31+00:00,2015,144211.0,13110.09090909091,4.0,4.0,3.0,0,0,0,subaru,forester,automatic,gas,good,suv,CT,8499.0,8087.65
7926731671,2026-04-12 01:00:31+00:00,2012,143220.0,10230.0,4.0,4.0,2.0,0,0,0,toyota,corolla,automatic,gas,good,sedan,CT,5400.0,5589.23
7926958756,2026-04-12 01:00:31+00:00,2012,67592.0,4828.0,8.0,8.0,1.0,0,0,0,chevrolet,silverado,automatic,gas,used,truck,CT,14850.0,12434.2
7926242071,2026-04-12 01:00:31+00:00,2016,172000.0,17200.0,6.0,6.0,4.0,0,0,0,ford,explorer,automatic,gas,excellent,suv,CT,7000.0,7405.24
7926151746,2026-04-12 01:00:31+00:00,2018,149053.0,18631.625,6.6,,4.0,0,1,0,chevrolet,silverado,automatic,diesel,like new,truck,CT,25900.0,16236.82
7926958705,2026-04-12 01:00:31+00:00,2015,97734.0,8884.90909090909,3.6,6.0,1.0,0,0,0,chevrolet,traverse,automatic,gas,used,suv,CT,8990.0,8845.82
7925618367,2026-04-12 01:00:31+00:00,2013,121347.0,9334.384615384615,1.762,4.0,7.0,0,0,0,nissan,versa,automatic,gas,excellent,sedan,CT,3500.0,4742.77
7927039581,2026-04-12 01:00:31+00:00,2013,122750.0,9442.307692307691,4.0,4.0,0.0,0,0,0,subaru,outback,automatic,gas,excellent,hatchback,CT,6250.0,7201.41
7924070156,2026-04-12 01:00:31+00:00,2012,114000.0,8142.857142857143,3.7,6.0,14.0,0,0,0,jeep,liberty,automatic,gas,excellent,suv,CT,6885.0,7687.58
7924429406,2026-04-12 01:00:31+00:00,2018,170000.0,21250.0,4.0,4.0,12.0,0,0,0,kia,soul,automatic,gas,excellent,,CT,4200.0,4875.81
7924070470,2026-04-12 01:00:31+00:00,2019,149541.0,21363.0,3.5,6.0,14.0,0,0,0,lexus,rx,automatic,gas,like new,suv,CT,20900.0,19910.96
7924202834,2026-04-12 01:00:31+00:00,2002,150000.0,6250.0,,,14.0,1,1,0,dodge,neon,automatic,gas,,,CT,3288.0,3499.89
7925602918,2026-04-12 01:00:31+00:00,2021,61000.0,12200.0,6.0,6.0,7.0,0,0,0,tesla,model,automatic,electric,like new,wagon,CT,5000.0,5934.52
7925591785,2026-04-12 01:00:31+00:00,2017,78600.0,8733.333333333334,4.0,4.0,7.0,0,0,0,porsche,macan,automatic,gas,excellent,suv,CT,17300.0,15414.35
7925530133,2026-04-12 01:00:31+00:00,2008,166000.0,9222.222222222223,4.0,4.0,7.0,0,0,0,honda,crv,automatic,gas,good,suv,CT,5900.0,4706.74
7925357523,2026-04-12 01:00:31+00:00,2008,222789.0,12377.166666666666,1.8,4.0,8.0,0,0,0,toyota,corolla,automatic,gas,good,sedan,CT,2400.0,4239.7
7925273874,2026-04-12 01:00:31+00:00,2002,150000.0,6250.0,,,9.0,1,1,0,dodge,neon,automatic,gas,,,CT,2988.0,3431.2
7925231411,2026-04-12 01:00:31+00:00,2001,246000.0,9840.0,6.0,,9.0,0,1,0,chevrolet,silverado,automatic,diesel,good,truck,CT,5000.0,6151.93
7926132929,2026-04-12 01:00:31+00:00,2015,141231.0,12839.181818181818,3.6,6.0,4.0,0,0,0,subaru,outback,automatic,gas,used,wagon,CT,10998.0,9779.37
7924660924,2026-04-12 01:00:31+00:00,2016,147973.0,14797.3,2.0,4.0,11.0,0,0,0,subaru,crosstrek,manual,gas,used,wagon,CT,9998.0,9193.4
7924810376,2026-04-12 01:00:31+00:00,2016,200489.0,20048.9,6.0,6.0,11.0,0,0,0,mercedes-benz,sprinter,automatic,diesel,excellent,van,CT,9900.0,8995.72
7924663819,2026-04-12 01:00:31+00:00,2013,220000.0,16923.076923076922,4.0,4.0,11.0,0,0,0,hyundai,sonata,automatic,gas,good,sedan,CT,3700.0,3952.11
7924599111,2026-04-12 01:00:31+00:00,2002,131000.0,5458.333333333333,4.0,6.0,12.0,0,0,0,ford,ranger,automatic,gas,like new,truck,CT,10200.0,6515.34
7925617515,2026-04-12 01:00:31+00:00,2020,38563.0,6427.166666666667,4.0,4.0,7.0,0,0,0,mazda,3,automatic,gas,excellent,sedan,CT,17200.0,15771.53
7926958824,2026-04-12 01:00:31+00:00,2020,77916.0,12986.0,2.0,4.0,1.0,0,0,0,audi,q3,automatic,gas,used,suv,CT,17980.0,17974.53
7924074050,2026-04-12 01:00:31+00:00,2015,159707.0,14518.818181818182,3.5,6.0,14.0,0,0,0,toyota,sienna,automatic,gas,like new,minivan,CT,12900.0,9352.69
7924444719,2026-04-12 01:00:31+00:00,2012,130671.0,9333.642857142857,2.5,4.0,12.0,0,0,0,subaru,outback,automatic,gas,used,wagon,CT,8998.0,8035.95
7925880745,2026-04-12 01:00:31+00:00,2019,100000.0,14285.714285714286,8.0,8.0,5.0,0,0,0,gmc,savana,automatic,gas,excellent,van,CT,17500.0,17445.44
7923896699,2026-04-12 01:00:31+00:00,2006,111000.0,5550.0,4.0,8.0,15.0,0,0,0,chevrolet,impala,automatic,gas,excellent,sedan,CT,6000.0,8392.41
7923484982,2026-04-12 01:00:31+00:00,2009,72000.0,4235.294117647059,4.0,4.0,17.0,0,0,0,toyota,camry,automatic,gas,excellent,sedan,CT,9000.0,8718.6
7925909947,2026-04-12 01:00:31+00:00,2018,86540.0,10817.5,2.0,4.0,5.0,0,0,0,bmw,x1,automatic,gas,used,suv,CT,13500.0,13798.71
7925910197,2026-04-12 01:00:31+00:00,2019,71241.0,10177.285714285714,2.0,4.0,5.0,0,0,0,audi,a4,automatic,gas,used,sedan,CT,15900.0,14680.85
7925776290,2026-04-12 01:00:31+00:00,2021,61000.0,12200.0,6.0,6.0,6.0,0,0,0,tesla,model,automatic,electric,like new,wagon,CT,5000.0,5969.51
7923649180,2026-04-12 01:00:31+00:00,2020,46500.0,7750.0,6.0,6.0,16.0,0,0,0,ram,promaster,automatic,gas,like new,van,CT,26500.0,16179.19
7925751059,2026-04-12 01:00:31+00:00,2009,114115.0,6712.64705882353,4.0,4.0,6.0,0,0,0,audi,a4,automatic,gas,good,sedan,CT,6000.0,6992.26
7926039400,2026-04-12 01:00:31+00:00,2014,108500.0,9041.666666666666,4.0,4.0,5.0,0,0,0,kia,optima,automatic,gas,good,sedan,CT,7000.0,8280.64
7923854316,2026-04-12 01:00:31+00:00,2004,188000.0,8545.454545454546,4.8,8.0,15.0,0,0,0,chevrolet,silverado,automatic,gas,good,truck,NJ,3500.0,6289.06
7923518061,2026-04-12 01:00:31+00:00,2016,114000.0,11400.0,3.5,6.0,17.0,0,0,0,nissan,pathfinder,automatic,gas,excellent,suv,CT,9885.0,8753.74
7923269508,2026-04-12 02:00:23+00:00,2018,135100.0,16887.5,2.0,4.0,18.0,0,0,0,chevrolet,equinox,automatic,gas,,suv,CT,12800.0,13845.89
7923278051,2026-04-12 02:00:23+00:00,2014,117455.0,9787.916666666666,6.0,6.0,18.0,0,0,0,nissan,maxima,automatic,gas,,sedan,CT,6488.0,7057.07
7924375576,2026-04-12 02:00:23+00:00,2012,170000.0,12142.857142857143,6.0,6.0,13.0,0,0,0,cadillac,cts,automatic,gas,excellent,sedan,CT,6699.0,5354.2
7926963638,2026-04-12 02:00:23+00:00,2002,150000.0,6250.0,,,1.0,1,1,0,dodge,neon,automatic,gas,,,CT,3288.0,3558.8
7927044268,2026-04-12 02:00:23+00:00,2014,195000.0,16250.0,,,0.0,1,1,0,freightliner,m2,automatic,diesel,excellent,,CT,68000.0,6692.23
7924386182,2026-04-12 02:00:23+00:00,2012,93250.0,6660.714285714285,4.0,4.0,13.0,0,0,0,toyota,camry,automatic,gas,excellent,sedan,CT,13800.0,8408.58
7923838194,2026-04-12 02:00:23+00:00,2018,136170.0,17021.25,2.5,4.0,15.0,0,0,0,subaru,outback,automatic,gas,used,wagon,CT,13998.0,11795.7
7924340657,2026-04-12 02:00:23+00:00,2015,175019.0,15910.818181818182,2.5,4.0,13.0,0,0,0,subaru,legacy,automatic,gas,like new,sedan,CT,6900.0,7180.09
7926958688,2026-04-12 02:00:23+00:00,2012,130790.0,9342.142857142857,8.0,8.0,1.0,0,0,0,chevrolet,silverado,automatic,gas,used,truck,CT,14950.0,11438.68
7924262826,2026-04-12 02:00:23+00:00,1990,252300.0,7008.333333333333,4.0,4.0,13.0,0,0,0,volvo,240,automatic,gas,fair,sedan,CT,1000.0,3340.96
7923778321,2026-04-12 02:00:23+00:00,2009,140000.0,8235.29411764706,,,16.0,1,1,0,chevrolet,cobalt,automatic,gas,,,CT,3000.0,3379.85
7926958173,2026-04-12 02:00:23+00:00,2009,138876.0,8169.176470588235,2.4,4.0,1.0,0,0,0,honda,element,automatic,gas,used,suv,CT,11400.0,5456.86
7924093354,2026-04-12 02:00:23+00:00,2017,80000.0,8888.888888888889,6.0,6.0,14.0,0,0,0,subaru,outback,automatic,gas,excellent,suv,CT,21000.0,15795.54
7923838233,2026-04-12 02:00:23+00:00,2015,174302.0,15845.636363636364,2.5,4.0,15.0,0,0,0,subaru,outback,automatic,gas,used,wagon,CT,9998.0,7671.59
7923932390,2026-04-12 02:00:23+00:00,2011,190000.0,12666.666666666666,,,15.0,1,1,0,subaru,outback,automatic,gas,good,wagon,CT,3750.0,4354.86
7927092018,2026-04-12 02:00:23+00:00,2002,72000.0,3000.0,4.7,8.0,0.0,0,0,0,dodge,ram,automatic,gas,good,truck,CT,4500.0,9396.36
7924338874,2026-04-12 02:00:23+00:00,2012,136000.0,9714.285714285714,4.0,4.0,13.0,0,0,0,honda,civic,automatic,gas,excellent,sedan,CT,3500.0,5624.78
7926165731,2026-04-12 02:00:23+00:00,2018,18290.0,2286.25,8.0,8.0,4.0,0,0,0,lexus,lc,automatic,gas,excellent,coupe,CT,53820.0,41937.13
7926816619,2026-04-12 02:00:23+00:00,2015,120707.0,10973.363636363636,2.5,4.0,1.0,0,0,0,subaru,outback,automatic,gas,like new,wagon,CT,9900.0,8516.49
7926267852,2026-04-12 02:00:23+00:00,2008,167190.0,9288.333333333334,4.3,6.0,4.0,0,0,0,chevrolet,silverado,automatic,gas,good,truck,CT,7999.0,7182.86
7926031130,2026-04-12 02:00:23+00:00,2015,156884.0,14262.181818181818,4.0,4.0,5.0,0,0,0,honda,civic,automatic,gas,good,,CT,8995.0,7557.22
7926049384,2026-04-12 02:00:23+00:00,2002,156000.0,6500.0,4.0,4.0,5.0,0,0,0,chevrolet,s10,automatic,gas,good,truck,CT,3500.0,4874.44
7925910184,2026-04-12 02:00:23+00:00,2018,79633.0,9954.125,2.0,4.0,5.0,0,0,0,bmw,x2,automatic,gas,used,suv,CT,15500.0,15289.76
7926028695,2026-04-12 02:00:23+00:00,2006,167781.0,8389.05,8.0,8.0,5.0,0,0,0,toyota,sequoia,automatic,gas,good,suv,CT,6995.0,5867.29
7926035506,2026-04-12 02:00:23+00:00,2009,149974.0,8822.0,4.0,4.0,5.0,0,0,0,honda,civic,automatic,gas,good,,CT,6995.0,4959.91
7926305629,2026-04-12 02:00:23+00:00,2019,129000.0,18428.571428571428,2.0,4.0,4.0,0,0,0,mini,countryman,automatic,gas,excellent,suv,CT,10885.0,12278.39
7925830296,2026-04-12 02:00:23+00:00,2026,9160.000000000002,,3.6,6.0,6.0,0,0,0,chrysler,pacifica,automatic,gas,new,minivan,NH,74495.0,56446.5
7925618560,2026-04-12 02:00:23+00:00,2014,124824.0,10402.0,2.0,,7.0,0,1,0,subaru,xv,automatic,gas,excellent,wagon,CT,10900.0,10194.24
7925776464,2026-04-12 02:00:23+00:00,2020,20000.0,3333.3333333333335,8.0,8.0,6.0,0,0,0,honda,accord,automatic,gas,like new,sedan,CT,2000.0,2882.74
7926448669,2026-04-12 02:00:23+00:00,2001,65000.0,2600.0,4.0,4.0,3.0,0,0,0,chrysler,pt,automatic,gas,like new,hatchback,CT,4000.0,8762.3
7925718503,2026-04-12 02:00:23+00:00,2016,59000.0,5900.0,2.0,4.0,6.0,0,0,0,subaru,impreza,automatic,gas,like new,wagon,CT,13000.0,9201.26
7925619053,2026-04-12 02:00:23+00:00,2016,88133.0,8813.3,4.0,4.0,7.0,0,0,0,ford,fiesta,automatic,gas,excellent,sedan,CT,5900.0,6521.44
7925618752,2026-04-12 02:00:23+00:00,2014,118290.0,9857.5,2.4,4.0,7.0,0,0,0,hyundai,sonata,automatic,gas,excellent,sedan,CT,7900.0,7235.79
7926514816,2026-04-12 02:00:23+00:00,2002,150000.0,6250.0,,,3.0,1,1,0,dodge,neon,automatic,gas,,,CT,3288.0,3526.96
7926533458,2026-04-12 02:00:23+00:00,2012,166000.0,11857.142857142857,6.0,6.0,3.0,0,0,0,acura,mdx,automatic,gas,excellent,suv,CT,7600.0,7413.32
7926575489,2026-04-12 02:00:23+00:00,1986,304799.9999999997,30864.175,4.3,,2.0,0,1,0,chevrolet,el,automatic,gas,good,truck,CT,6000.0,5910.74
7925619387,2026-04-12 02:00:23+00:00,2016,90000.0,9000.0,8.0,8.0,7.0,0,0,0,chevrolet,silverado,automatic,gas,like new,truck,CT,2000.0,2657.42
7925568460,2026-04-12 02:00:23+00:00,2016,165728.0,16572.8,2.5,4.0,7.0,0,0,0,subaru,outback,automatic,gas,used,wagon,CT,9599.0,7881.5
7926725413,2026-04-12 02:00:23+00:00,2017,43051.0,4783.444444444444,8.0,8.0,2.0,0,0,0,lexus,lx,automatic,gas,excellent,suv,CT,31310.0,26032.03
7925354008,2026-04-12 02:00:23+00:00,2013,130000.0,10000.0,4.0,4.0,8.0,0,0,0,hyundai,elantra,automatic,gas,excellent,sedan,CT,4700.0,5386.24
7925445118,2026-04-12 02:00:23+00:00,2000,50000.0,1923.076923076923,6.0,6.0,8.0,0,0,0,ford,ranger,automatic,gas,,truck,CT,6500.0,8307.91
7926706752,2026-04-12 02:00:23+00:00,2002,162000.0,6750.0,6.0,6.0,2.0,0,0,0,nissan,xterra,automatic,gas,salvage,suv,CT,900.0,3760.96
7923488225,2026-04-12 02:00:23+00:00,2007,165000.0,8684.21052631579,6.0,6.0,17.0,0,0,0,saturn,vue,automatic,gas,excellent,suv,CT,5700.0,3540.01
7924967328,2026-04-12 02:00:23+00:00,2018,100000.0,12500.0,3.0,,10.0,0,1,0,bmw,x5,automatic,gas,great condition,suv,CT,18000.0,14459.9
7924494256,2026-04-12 02:00:23+00:00,2007,136320.0,7174.736842105263,6.0,6.0,12.0,0,0,0,chevrolet,impala,automatic,gas,good,sedan,CT,2995.0,4553.71
7925251911,2026-04-12 02:00:23+00:00,2012,151000.0,10785.714285714286,3.0,6.0,9.0,0,0,0,volvo,s80,automatic,gas,excellent,sedan,CT,5485.0,6225.53
